Reference; Quantity; Value; Footprint; Datasheet; LCSC
C1 C2 ;2;1u;0603;https://datasheet.lcsc.com/szlcsc/1810261812_Samsung-Electro-Mechanics-CL10A105KB8NNNC_C15849.pdf;C15849
C3 C4 C5 C10 ;4;10u;0603;https://datasheet.lcsc.com/szlcsc/1810191219_Samsung-Electro-Mechanics-CL10A106KP8NNNC_C19702.pdf;C19702
C7 C8 ;2;12p;0603;https://datasheet.lcsc.com/szlcsc/1810261515_Samsung-Electro-Mechanics-CL10C120JB8NNNC_C38523.pdf;C38523
C9 C11 ;2;100n;0603;https://datasheet.lcsc.com/szlcsc/1809301912_YAGEO-CC0603KRX7R9BB104_C14663.pdf;C14663
D1 ;1;LED_PWR;0805;https://datasheet.lcsc.com/szlcsc/2008201032_Foshan-NationStar-Optoelectronics-NCD0805R1_C84256.pdf;C84256
D2 ;1;LED_STAT;0805;https://datasheet.lcsc.com/szlcsc/1806130620_Hubei-KENTO-Elec-C2293_C2293.pdf;C2293
J12 ;1;Conn_01x06;PinSocket_1x06_P2.54mm_Vertical;~;
J13 ;1;Antenna;SMA_Amphenol_901-144_Vertical;https://4donline.ihs.com/images/VipMasterIC/IC/AMPH/AMPHS06465/AMPHS06465-1.pdf?hkey=6D3A4C79FDBF58556ACFDE234799DDF0;
J5 ;1;BAT;Keystone 2462 battery holder;https://nl.farnell.com/keystone/2462/battery-holder/dp/1702630;
J7 J10 ;2;Conn_02x03_Odd_Even;PinHeader_2x03_P2.54mm_Vertical;~ ;C124384
J8 ;1;Conn_01x03;JST_XH_B3B-XH-A_1x03_P2.50mm_Vertical;https://datasheet.lcsc.com/szlcsc/1810291333_JST-Sales-America-B3B-XH-A-LF-SN_C144394.pdf;C144394
Q1 Q2 ;2;PMOS;Package_TO_SOT_SMD:SOT-23;https://datasheet.lcsc.com/szlcsc/1810171817_Alpha-Omega-Semicon-AO3401A_C15127.pdf;C15127
Q3 ;1;NMOS;Package_TO_SOT_SMD:SOT-23;https://datasheet.lcsc.com/szlcsc/1810151612_Changjiang-Electronics-Tech-CJ-2N7002_C8545.pdf;C8545
R1 R12 R13 ;3;4k7;0603;https://datasheet.lcsc.com/szlcsc/1810200710_UNI-ROYAL-Uniroyal-Elec-0603WAF4701T5E_C23162.pdf;C23162
R2 R3 R10 R11 R14 ;5;10k;0603;https://datasheet.lcsc.com/szlcsc/1811062009_UNI-ROYAL-Uniroyal-Elec-0603WAF1002T5E_C25804.pdf;C25804
R15 R16 ;2;750;0603;https://datasheet.lcsc.com/szlcsc/1811081723_UNI-ROYAL-Uniroyal-Elec-0603WAF7500T5E_C23241.pdf;C23241
R4 ;1;100;0603;https://datasheet.lcsc.com/szlcsc/1811081710_UNI-ROYAL-Uniroyal-Elec-0603WAF1000T5E_C22775.pdf;C22775
R5 R7 R8 ;3;330;0603;https://datasheet.lcsc.com/szlcsc/1811081715_UNI-ROYAL-Uniroyal-Elec-0603WAF3300T5E_C23138.pdf;C23138
R6 ;1;1k8;0603;https://datasheet.lcsc.com/szlcsc/1811081714_UNI-ROYAL-Uniroyal-Elec-0603WAF1801T5E_C4177.pdf;C4177
R9 ;1;3k3;0603;https://datasheet.lcsc.com/szlcsc/1811101920_UNI-ROYAL-Uniroyal-Elec-0603WAF3301T5E_C22978.pdf;C22978
SW1 SW4 ;2;SW_VBAT;PinHeader_1x02_P2.54mm_Vertical;~;
SW2 ;1;SW_NRST;project:C720477;https://datasheet.lcsc.com/szlcsc/2008221234_XUNPU-TS-1088-AR02016_C720477.pdf;C720477
SW3 ;1;SW_LED_PWR;PinHeader_1x02_P2.54mm_Vertical;~;
U1 ;1;3.3V LDO;SOT-23;https://www.torexsemi.com/file/xc6206/XC6206.pdf;C5446
U2 ;1;5V LDO;SOT-89-3;https://www.holtek.com/documents/10179/116711/HT75xx-1v250.pdf;C16106
U4 ;1;LoRa_Radio;SX1276;https://semtech.my.salesforce.com/sfc/p/#E0000000JelG/a/2R0000001Rbr/6EfVZUorrpoKFfvaF_Fkpgp5kzjiNyiAbqcpqh9qSjE;
U5 ;1;ATmega1284P-AU;TQFP-44_10x10mm_P0.8mm;http://ww1.microchip.com/downloads/en/DeviceDoc/Atmel-8272-8-bit-AVR-microcontroller-ATmega164A_PA-324A_PA-644A_PA-1284_P_datasheet.pdf;C33575
Y1 ;1;16MHz;Crystal_SMD_3225-4Pin_3.2x2.5mm;https://datasheet.lcsc.com/szlcsc/2103291133_Yangxing-Tech-X322516MLB4SI_C13738.pdf;C13738
