Quantity,Designator,Value,Footprint,Manufacturer,Manufacturer #
1,BT1,Battery,Battery:BatteryHolder_Keystone_2462_2xAA,Keystone,2462
1,C1,2.2uF,Capacitor_SMD:C_0603_1608Metric,TDK,C1608X7R1A225K080AC
1,C2,2.2uF,Capacitor_SMD:C_0603_1608Metric,TDK,C1608X7R1A225K080AC
1,C3,100nF,Capacitor_SMD:C_0603_1608Metric,TDK,C1608X7R1E104K080AA
1,C4,100nF,Capacitor_SMD:C_0603_1608Metric,TDK,C1608X7R1E104K080AA
1,C5,10uF,Capacitor_SMD:C_0805_2012Metric,Murata,GRM21BR61E106MA73L
1,C6,100nF,Capacitor_SMD:C_0603_1608Metric,TDK,C1608X7R1E104K080AA
1,C7,10pF,Capacitor_SMD:C_0603_1608Metric,Murata,GRT0335C1E100GA02D
1,C8,10pF,Capacitor_SMD:C_0603_1608Metric,Murata,GRT0335C1E100GA02D
1,C9,100nF,Capacitor_SMD:C_0603_1608Metric,TDK,C1608X7R1E104K080AA
1,C10,10uF,Capacitor_SMD:C_0805_2012Metric,Murata,GRM21BR61E106MA73L
1,C11,100nF,Capacitor_SMD:C_0603_1608Metric,TDK,C1608X7R1E104K080AA
1,C12,820uF 16v,Capacitor_SMD:C_Elec_8x10.2,Panasonic,EEE-FT1C821UL
1,D1,LED_PWR,LED_SMD:LED_0805_2012Metric,Kingbright,APT2012LSECK/J3-PRV
1,D2,LED_STAT,LED_SMD:LED_0805_2012Metric,Kingbright,APTD2012LQBC/D
1,H1,MountingHole,MountingHole:MountingHole_2.7mm_M2.5_DIN965,,
1,H2,MountingHole,MountingHole:MountingHole_2.7mm_M2.5_DIN965,,
1,H3,MountingHole,MountingHole:MountingHole_2.7mm_M2.5_DIN965,,
1,H4,MountingHole,MountingHole:MountingHole_2.7mm_M2.5_DIN965,,
1,J1,B-,Connector_Wire:SolderWire-0.5sqmm_1x01_D0.9mm_OD2.3mm,,
1,J2,Serie,Connector_Wire:SolderWire-0.5sqmm_1x01_D0.9mm_OD2.3mm,,
1,J3,Serie,Connector_Wire:SolderWire-0.5sqmm_1x01_D0.9mm_OD2.3mm,,
1,J4,B+,Connector_Wire:SolderWire-0.5sqmm_1x01_D0.9mm_OD2.3mm,,
1,J5,MFM Module-Left,custom_library_FP:MFM_Module_Board_P123,Preci-dip,801-87-003-10-005101
1,J6,MFM Module-Right,Connector_PinSocket_2.54mm:PinSocket_1x03_P2.54mm_Vertical,Preci-dip,801-87-003-10-005101
1,J7,SMBUS Connector,Connector_PinHeader_2.54mm:PinHeader_2x03_P2.54mm_Vertical,Preci-dip,892-18-006-10-001101
1,J9,FTDI Connector,Connector_PinSocket_2.54mm:PinSocket_1x06_P2.54mm_Vertical,Preci-dip,801-87-006-10-001101
1,J10,ICSP Connector,Connector_PinHeader_2.54mm:PinHeader_2x03_P2.54mm_Vertical,Preci-dip,892-18-006-10-001101
1,J11,Antenna,custom_library_FP:LINX_CONSMA001-SMD-G,Linx Technologies,CONSMA001-SMD-G-T
1,Q1,R.V. Protect,Package_TO_SOT_SMD:SOT-23,Vishay,SI2333DDS-T1-BE3
1,R1,750R,Resistor_SMD:R_0603_1608Metric,Vishay,CRCW0603750RFKEA
1,R2,324R,Resistor_SMD:R_0603_1608Metric,Vishay,CRCW0603324RFKEA
1,R3,10k,Resistor_SMD:R_0603_1608Metric,Vishay,CRCW060310K0FKEAC
1,R4,10k,Resistor_SMD:R_0603_1608Metric,Vishay,CRCW060310K0FKEAC
1,R5,324R,Resistor_SMD:R_0603_1608Metric,Vishay,CRCW0603324RFKEA
1,R6,4k7,Resistor_SMD:R_0603_1608Metric,Vishay,CRCW06034K70FKEA
1,R7,324R,Resistor_SMD:R_0603_1608Metric,Vishay,CRCW0603324RFKEA
1,R8,324R,Resistor_SMD:R_0603_1608Metric,Vishay,CRCW0603324RFKEA
1,R9,4k7,Resistor_SMD:R_0603_1608Metric,Vishay,CRCW06034K70FKEA
1,SW1,SW_VBAT,Connector_PinHeader_2.54mm:PinHeader_1x02_P2.54mm_Vertical,Preci-dip,800-10-002-10-002101
1,SW2,RESET,custom_library_FP:SW_SPST_PTS636,C&K,PTS636 SM43 SMTR LFS
1,SW3,SW_LED_PWR,Connector_PinHeader_2.54mm:PinHeader_1x02_P2.54mm_Vertical,Preci-dip,800-10-002-10-002101
1,SW4,SW_LED_STAT,Connector_PinHeader_2.54mm:PinHeader_1x02_P2.54mm_Vertical,Preci-dip,800-10-002-10-002101
1,U1,MCP1703A-3302_SOT89,Package_TO_SOT_SMD:SOT-89-3,Microchip Technology,MCP1703T-3302E/MB
1,U2,LoRa_Radio,project:RFM95,,
1,U3,ATmega1284P-AU,Package_QFP:TQFP-44_10x10mm_P0.8mm,Microchip Technology / Atmel,ATMEGA1284P-AUR
1,Y1,8MHz,Crystal:Crystal_SMD_Abracon_ABM3B-4Pin_5.0x3.2mm,ABRACON,ABM3B-8.000MHZ-10-1UT
